Module;ErrorId;Category;Description;Model;Topic;Bid;Class;Tid;Line;CharPos;Geom1;Geom2;UserAttributes;Profiles
reader;11;ERROR;Datenherr has to be defined;VSADSSMINI;VSADSSMini;;Knoten;668;17;;;;;
reader;11;ERROR;Datenlieferant has to be defined;VSADSSMINI;VSADSSMini;;Knoten;668;17;;;;;
reader;11;ERROR;Datenherr has to be defined;VSADSSMINI;VSADSSMini;;Knoten;669;36;;;;;
reader;11;ERROR;Datenlieferant has to be defined;VSADSSMINI;VSADSSMini;;Knoten;669;36;;;;;
reader;11;ERROR;Datenherr has to be defined;VSADSSMINI;VSADSSMini;;Knoten;670;55;;;;;
reader;11;ERROR;Datenlieferant has to be defined;VSADSSMINI;VSADSSMini;;Knoten;670;55;;;;;
reader;11;ERROR;Datenherr has to be defined;VSADSSMINI;VSADSSMini;;Knoten;671;74;;;;;
reader;11;ERROR;Datenlieferant has to be defined;VSADSSMINI;VSADSSMini;;Knoten;671;74;;;;;
reader;11;ERROR;Datenherr has to be defined;VSADSSMINI;VSADSSMini;;Knoten;672;91;;;;;
reader;11;ERROR;Datenlieferant has to be defined;VSADSSMINI;VSADSSMini;;Knoten;672;91;;;;;
reader;11;ERROR;Datenherr has to be defined;VSADSSMINI;VSADSSMini;;Knoten;673;110;;;;;
reader;11;ERROR;Datenlieferant has to be defined;VSADSSMINI;VSADSSMini;;Knoten;673;110;;;;;
reader;11;ERROR;Datenherr has to be defined;VSADSSMINI;VSADSSMini;;Knoten;674;129;;;;;
reader;11;ERROR;Datenlieferant has to be defined;VSADSSMINI;VSADSSMini;;Knoten;674;129;;;;;
reader;11;ERROR;Datenherr has to be defined;VSADSSMINI;VSADSSMini;;Knoten;675;148;;;;;
reader;11;ERROR;Datenlieferant has to be defined;VSADSSMINI;VSADSSMini;;Knoten;675;148;;;;;
reader;11;ERROR;Datenherr has to be defined;VSADSSMINI;VSADSSMini;;Knoten;676;166;;;;;
reader;11;ERROR;Datenlieferant has to be defined;VSADSSMINI;VSADSSMini;;Knoten;676;166;;;;;
reader;11;ERROR;Datenherr has to be defined;VSADSSMINI;VSADSSMini;;Leitung;704;185;;;;;
reader;11;ERROR;Bezeichnung has to be defined;VSADSSMINI;VSADSSMini;;Leitung;704;185;;;;;
reader;12;ERROR;the value of FunktionHierarchisch is out of range, 5069 is no valid enumeration value;VSADSSMINI;VSADSSMini;;Leitung;704;185;;;;;
reader;12;ERROR;the value of Status is out of range, 8493 is no valid enumeration value;VSADSSMINI;VSADSSMini;;Leitung;704;185;;;;;
igcheck;A_PAA_6000_02;ERROR;MANDATORY Betreiber;VSADSSMINI;VSADSSMini;;Leitung;704;185;;;;;
igcheck;A_PAA_6000_03;ERROR;MANDATORY Eigentuemer;VSADSSMINI;VSADSSMini;;Leitung;704;185;;;;;
igcheck;A_PAA_6000_05;ERROR;MANDATORY Finanzierung;VSADSSMINI;VSADSSMini;;Leitung;704;185;;;;;
igcheck;A_PAA_6000_11;ERROR;MANDATORY Kote_nach;VSADSSMINI;VSADSSMini;;Leitung;704;185;;;;;
igcheck;A_PAA_6000_12;ERROR;MANDATORY Kote_von;VSADSSMINI;VSADSSMini;;Leitung;704;185;;;;;
igcheck;A_PAA_6000_14;ERROR;MANDATORY Lichte_Breite;VSADSSMINI;VSADSSMini;;Leitung;704;185;;;;;
igcheck;A_PAA_6000_19;ERROR;MANDATORY Nutzungsart_geplant;VSADSSMINI;VSADSSMini;;Leitung;704;185;;;;;
igcheck;A_PAA_6000_23;ERROR;MANDATORY Profiltyp;VSADSSMINI;VSADSSMini;;Leitung;704;185;;;;;
igcheck;A_PAA_6000_27;ERROR;MANDATORY WBW_Basisjahr;VSADSSMINI;VSADSSMini;;Leitung;704;185;;;;;
igcheck;A_PAA_6000_29;ERROR;MANDATORY WBW_Bauart;VSADSSMINI;VSADSSMini;;Leitung;704;185;;;;;
igcheck;A_PAA_6000_30;ERROR;MANDATORY Wiederbeschaffungswert;VSADSSMINI;VSADSSMini;;Leitung;704;185;;;;;
reader;11;ERROR;Datenherr has to be defined;VSADSSMINI;VSADSSMini;;Leitung;705;212;;;;;
reader;11;ERROR;Bezeichnung has to be defined;VSADSSMINI;VSADSSMini;;Leitung;705;212;;;;;
reader;12;ERROR;the value of FunktionHierarchisch is out of range, 5069 is no valid enumeration value;VSADSSMINI;VSADSSMini;;Leitung;705;212;;;;;
reader;12;ERROR;the value of Status is out of range, 8493 is no valid enumeration value;VSADSSMINI;VSADSSMini;;Leitung;705;212;;;;;
igcheck;A_PAA_6000_02;ERROR;MANDATORY Betreiber;VSADSSMINI;VSADSSMini;;Leitung;705;212;;;;;
igcheck;A_PAA_6000_03;ERROR;MANDATORY Eigentuemer;VSADSSMINI;VSADSSMini;;Leitung;705;212;;;;;
igcheck;A_PAA_6000_05;ERROR;MANDATORY Finanzierung;VSADSSMINI;VSADSSMini;;Leitung;705;212;;;;;
igcheck;A_PAA_6000_11;ERROR;MANDATORY Kote_nach;VSADSSMINI;VSADSSMini;;Leitung;705;212;;;;;
igcheck;A_PAA_6000_12;ERROR;MANDATORY Kote_von;VSADSSMINI;VSADSSMini;;Leitung;705;212;;;;;
igcheck;A_PAA_6000_14;ERROR;MANDATORY Lichte_Breite;VSADSSMINI;VSADSSMini;;Leitung;705;212;;;;;
igcheck;A_PAA_6000_19;ERROR;MANDATORY Nutzungsart_geplant;VSADSSMINI;VSADSSMini;;Leitung;705;212;;;;;
igcheck;A_PAA_6000_23;ERROR;MANDATORY Profiltyp;VSADSSMINI;VSADSSMini;;Leitung;705;212;;;;;
igcheck;A_PAA_6000_27;ERROR;MANDATORY WBW_Basisjahr;VSADSSMINI;VSADSSMini;;Leitung;705;212;;;;;
igcheck;A_PAA_6000_29;ERROR;MANDATORY WBW_Bauart;VSADSSMINI;VSADSSMini;;Leitung;705;212;;;;;
igcheck;A_PAA_6000_30;ERROR;MANDATORY Wiederbeschaffungswert;VSADSSMINI;VSADSSMini;;Leitung;705;212;;;;;
reader;11;ERROR;Datenherr has to be defined;VSADSSMINI;VSADSSMini;;Leitung;706;239;;;;;
reader;11;ERROR;Bezeichnung has to be defined;VSADSSMINI;VSADSSMini;;Leitung;706;239;;;;;
reader;12;ERROR;the value of FunktionHierarchisch is out of range, 5069 is no valid enumeration value;VSADSSMINI;VSADSSMini;;Leitung;706;239;;;;;
reader;12;ERROR;the value of Status is out of range, 8493 is no valid enumeration value;VSADSSMINI;VSADSSMini;;Leitung;706;239;;;;;
igcheck;A_PAA_6000_02;ERROR;MANDATORY Betreiber;VSADSSMINI;VSADSSMini;;Leitung;706;239;;;;;
igcheck;A_PAA_6000_03;ERROR;MANDATORY Eigentuemer;VSADSSMINI;VSADSSMini;;Leitung;706;239;;;;;
igcheck;A_PAA_6000_05;ERROR;MANDATORY Finanzierung;VSADSSMINI;VSADSSMini;;Leitung;706;239;;;;;
igcheck;A_PAA_6000_11;ERROR;MANDATORY Kote_nach;VSADSSMINI;VSADSSMini;;Leitung;706;239;;;;;
igcheck;A_PAA_6000_12;ERROR;MANDATORY Kote_von;VSADSSMINI;VSADSSMini;;Leitung;706;239;;;;;
igcheck;A_PAA_6000_14;ERROR;MANDATORY Lichte_Breite;VSADSSMINI;VSADSSMini;;Leitung;706;239;;;;;
igcheck;A_PAA_6000_19;ERROR;MANDATORY Nutzungsart_geplant;VSADSSMINI;VSADSSMini;;Leitung;706;239;;;;;
igcheck;A_PAA_6000_23;ERROR;MANDATORY Profiltyp;VSADSSMINI;VSADSSMini;;Leitung;706;239;;;;;
igcheck;A_PAA_6000_27;ERROR;MANDATORY WBW_Basisjahr;VSADSSMINI;VSADSSMini;;Leitung;706;239;;;;;
igcheck;A_PAA_6000_29;ERROR;MANDATORY WBW_Bauart;VSADSSMINI;VSADSSMini;;Leitung;706;239;;;;;
igcheck;A_PAA_6000_30;ERROR;MANDATORY Wiederbeschaffungswert;VSADSSMINI;VSADSSMini;;Leitung;706;239;;;;;
reader;11;ERROR;Datenherr has to be defined;VSADSSMINI;VSADSSMini;;Leitung;707;266;;;;;
reader;11;ERROR;Bezeichnung has to be defined;VSADSSMINI;VSADSSMini;;Leitung;707;266;;;;;
reader;12;ERROR;the value of FunktionHierarchisch is out of range, 5069 is no valid enumeration value;VSADSSMINI;VSADSSMini;;Leitung;707;266;;;;;
reader;12;ERROR;the value of Status is out of range, 8493 is no valid enumeration value;VSADSSMINI;VSADSSMini;;Leitung;707;266;;;;;
igcheck;A_PAA_6000_02;ERROR;MANDATORY Betreiber;VSADSSMINI;VSADSSMini;;Leitung;707;266;;;;;
igcheck;A_PAA_6000_03;ERROR;MANDATORY Eigentuemer;VSADSSMINI;VSADSSMini;;Leitung;707;266;;;;;
igcheck;A_PAA_6000_05;ERROR;MANDATORY Finanzierung;VSADSSMINI;VSADSSMini;;Leitung;707;266;;;;;
igcheck;A_PAA_6000_11;ERROR;MANDATORY Kote_nach;VSADSSMINI;VSADSSMini;;Leitung;707;266;;;;;
igcheck;A_PAA_6000_12;ERROR;MANDATORY Kote_von;VSADSSMINI;VSADSSMini;;Leitung;707;266;;;;;
igcheck;A_PAA_6000_14;ERROR;MANDATORY Lichte_Breite;VSADSSMINI;VSADSSMini;;Leitung;707;266;;;;;
igcheck;A_PAA_6000_19;ERROR;MANDATORY Nutzungsart_geplant;VSADSSMINI;VSADSSMini;;Leitung;707;266;;;;;
igcheck;A_PAA_6000_23;ERROR;MANDATORY Profiltyp;VSADSSMINI;VSADSSMini;;Leitung;707;266;;;;;
igcheck;A_PAA_6000_27;ERROR;MANDATORY WBW_Basisjahr;VSADSSMINI;VSADSSMini;;Leitung;707;266;;;;;
igcheck;A_PAA_6000_29;ERROR;MANDATORY WBW_Bauart;VSADSSMINI;VSADSSMini;;Leitung;707;266;;;;;
igcheck;A_PAA_6000_30;ERROR;MANDATORY Wiederbeschaffungswert;VSADSSMINI;VSADSSMini;;Leitung;707;266;;;;;
reader;11;ERROR;Datenherr has to be defined;VSADSSMINI;VSADSSMini;;Leitung;713;293;;;;;
reader;11;ERROR;Bezeichnung has to be defined;VSADSSMINI;VSADSSMini;;Leitung;713;293;;;;;
reader;12;ERROR;the value of FunktionHierarchisch is out of range, 5069 is no valid enumeration value;VSADSSMINI;VSADSSMini;;Leitung;713;293;;;;;
reader;12;ERROR;the value of Status is out of range, 8493 is no valid enumeration value;VSADSSMINI;VSADSSMini;;Leitung;713;293;;;;;
igcheck;A_PAA_6000_02;ERROR;MANDATORY Betreiber;VSADSSMINI;VSADSSMini;;Leitung;713;293;;;;;
igcheck;A_PAA_6000_03;ERROR;MANDATORY Eigentuemer;VSADSSMINI;VSADSSMini;;Leitung;713;293;;;;;
igcheck;A_PAA_6000_05;ERROR;MANDATORY Finanzierung;VSADSSMINI;VSADSSMini;;Leitung;713;293;;;;;
igcheck;A_PAA_6000_11;ERROR;MANDATORY Kote_nach;VSADSSMINI;VSADSSMini;;Leitung;713;293;;;;;
igcheck;A_PAA_6000_12;ERROR;MANDATORY Kote_von;VSADSSMINI;VSADSSMini;;Leitung;713;293;;;;;
igcheck;A_PAA_6000_14;ERROR;MANDATORY Lichte_Breite;VSADSSMINI;VSADSSMini;;Leitung;713;293;;;;;
igcheck;A_PAA_6000_19;ERROR;MANDATORY Nutzungsart_geplant;VSADSSMINI;VSADSSMini;;Leitung;713;293;;;;;
igcheck;A_PAA_6000_23;ERROR;MANDATORY Profiltyp;VSADSSMINI;VSADSSMini;;Leitung;713;293;;;;;
igcheck;A_PAA_6000_27;ERROR;MANDATORY WBW_Basisjahr;VSADSSMINI;VSADSSMini;;Leitung;713;293;;;;;
igcheck;A_PAA_6000_29;ERROR;MANDATORY WBW_Bauart;VSADSSMINI;VSADSSMini;;Leitung;713;293;;;;;
igcheck;A_PAA_6000_30;ERROR;MANDATORY Wiederbeschaffungswert;VSADSSMINI;VSADSSMini;;Leitung;713;293;;;;;
reader;11;ERROR;Datenherr has to be defined;VSADSSMINI;VSADSSMini;;Leitung;715;320;;;;;
reader;11;ERROR;Bezeichnung has to be defined;VSADSSMINI;VSADSSMini;;Leitung;715;320;;;;;
reader;12;ERROR;the value of FunktionHierarchisch is out of range, 5069 is no valid enumeration value;VSADSSMINI;VSADSSMini;;Leitung;715;320;;;;;
reader;12;ERROR;the value of Status is out of range, 8493 is no valid enumeration value;VSADSSMINI;VSADSSMini;;Leitung;715;320;;;;;
igcheck;A_PAA_6000_02;ERROR;MANDATORY Betreiber;VSADSSMINI;VSADSSMini;;Leitung;715;320;;;;;
igcheck;A_PAA_6000_03;ERROR;MANDATORY Eigentuemer;VSADSSMINI;VSADSSMini;;Leitung;715;320;;;;;
igcheck;A_PAA_6000_05;ERROR;MANDATORY Finanzierung;VSADSSMINI;VSADSSMini;;Leitung;715;320;;;;;
igcheck;A_PAA_6000_11;ERROR;MANDATORY Kote_nach;VSADSSMINI;VSADSSMini;;Leitung;715;320;;;;;
igcheck;A_PAA_6000_12;ERROR;MANDATORY Kote_von;VSADSSMINI;VSADSSMini;;Leitung;715;320;;;;;
igcheck;A_PAA_6000_14;ERROR;MANDATORY Lichte_Breite;VSADSSMINI;VSADSSMini;;Leitung;715;320;;;;;
igcheck;A_PAA_6000_19;ERROR;MANDATORY Nutzungsart_geplant;VSADSSMINI;VSADSSMini;;Leitung;715;320;;;;;
igcheck;A_PAA_6000_23;ERROR;MANDATORY Profiltyp;VSADSSMINI;VSADSSMini;;Leitung;715;320;;;;;
igcheck;A_PAA_6000_27;ERROR;MANDATORY WBW_Basisjahr;VSADSSMINI;VSADSSMini;;Leitung;715;320;;;;;
igcheck;A_PAA_6000_29;ERROR;MANDATORY WBW_Bauart;VSADSSMINI;VSADSSMini;;Leitung;715;320;;;;;
igcheck;A_PAA_6000_30;ERROR;MANDATORY Wiederbeschaffungswert;VSADSSMINI;VSADSSMini;;Leitung;715;320;;;;;
reader;11;ERROR;Datenherr has to be defined;VSADSSMINI;VSADSSMini;;Leitung;723;347;;;;;
reader;11;ERROR;Bezeichnung has to be defined;VSADSSMINI;VSADSSMini;;Leitung;723;347;;;;;
reader;12;ERROR;the value of FunktionHierarchisch is out of range, 5069 is no valid enumeration value;VSADSSMINI;VSADSSMini;;Leitung;723;347;;;;;
reader;12;ERROR;the value of Status is out of range, 8493 is no valid enumeration value;VSADSSMINI;VSADSSMini;;Leitung;723;347;;;;;
igcheck;A_PAA_6000_02;ERROR;MANDATORY Betreiber;VSADSSMINI;VSADSSMini;;Leitung;723;347;;;;;
igcheck;A_PAA_6000_03;ERROR;MANDATORY Eigentuemer;VSADSSMINI;VSADSSMini;;Leitung;723;347;;;;;
igcheck;A_PAA_6000_05;ERROR;MANDATORY Finanzierung;VSADSSMINI;VSADSSMini;;Leitung;723;347;;;;;
igcheck;A_PAA_6000_11;ERROR;MANDATORY Kote_nach;VSADSSMINI;VSADSSMini;;Leitung;723;347;;;;;
igcheck;A_PAA_6000_12;ERROR;MANDATORY Kote_von;VSADSSMINI;VSADSSMini;;Leitung;723;347;;;;;
igcheck;A_PAA_6000_14;ERROR;MANDATORY Lichte_Breite;VSADSSMINI;VSADSSMini;;Leitung;723;347;;;;;
igcheck;A_PAA_6000_19;ERROR;MANDATORY Nutzungsart_geplant;VSADSSMINI;VSADSSMini;;Leitung;723;347;;;;;
igcheck;A_PAA_6000_23;ERROR;MANDATORY Profiltyp;VSADSSMINI;VSADSSMini;;Leitung;723;347;;;;;
igcheck;A_PAA_6000_27;ERROR;MANDATORY WBW_Basisjahr;VSADSSMINI;VSADSSMini;;Leitung;723;347;;;;;
igcheck;A_PAA_6000_29;ERROR;MANDATORY WBW_Bauart;VSADSSMINI;VSADSSMini;;Leitung;723;347;;;;;
igcheck;A_PAA_6000_30;ERROR;MANDATORY Wiederbeschaffungswert;VSADSSMINI;VSADSSMini;;Leitung;723;347;;;;;
reader;11;ERROR;Datenherr has to be defined;VSADSSMINI;VSADSSMini;;Leitung;925;374;;;;;
reader;11;ERROR;Bezeichnung has to be defined;VSADSSMINI;VSADSSMini;;Leitung;925;374;;;;;
reader;12;ERROR;the value of FunktionHierarchisch is out of range, 5069 is no valid enumeration value;VSADSSMINI;VSADSSMini;;Leitung;925;374;;;;;
igcheck;A_PAA_6000_01;ERROR;TOPOLOGY Leitung.Knoten_von und Leitung.Knoten_nach;VSADSSMINI;VSADSSMini;;Leitung;925;374;;;;;
igcheck;A_PAA_6000_02;ERROR;MANDATORY Betreiber;VSADSSMINI;VSADSSMini;;Leitung;925;374;;;;;
igcheck;A_PAA_6000_03;ERROR;MANDATORY Eigentuemer;VSADSSMINI;VSADSSMini;;Leitung;925;374;;;;;
igcheck;A_PAA_6000_05;ERROR;MANDATORY Finanzierung;VSADSSMINI;VSADSSMini;;Leitung;925;374;;;;;
igcheck;A_PAA_6000_11;ERROR;MANDATORY Kote_nach;VSADSSMINI;VSADSSMini;;Leitung;925;374;;;;;
igcheck;A_PAA_6000_12;ERROR;MANDATORY Kote_von;VSADSSMINI;VSADSSMini;;Leitung;925;374;;;;;
igcheck;A_PAA_6000_14;ERROR;MANDATORY Lichte_Breite;VSADSSMINI;VSADSSMini;;Leitung;925;374;;;;;
igcheck;A_PAA_6000_19;ERROR;MANDATORY Nutzungsart_geplant;VSADSSMINI;VSADSSMini;;Leitung;925;374;;;;;
igcheck;A_PAA_6000_23;ERROR;MANDATORY Profiltyp;VSADSSMINI;VSADSSMini;;Leitung;925;374;;;;;
igcheck;A_PAA_6000_25;ERROR;MANDATORY Status;VSADSSMINI;VSADSSMini;;Leitung;925;374;;;;;
igcheck;A_PAA_6000_27;ERROR;MANDATORY WBW_Basisjahr;VSADSSMINI;VSADSSMini;;Leitung;925;374;;;;;
igcheck;A_PAA_6000_29;ERROR;MANDATORY WBW_Bauart;VSADSSMINI;VSADSSMini;;Leitung;925;374;;;;;
igcheck;A_PAA_6000_30;ERROR;MANDATORY Wiederbeschaffungswert;VSADSSMINI;VSADSSMini;;Leitung;925;374;;;;;
