Module;ErrorId;Category;Description;Model;Topic;Bid;Class;Tid;Line;CharPos;Geom1;Geom2;UserAttributes;Profiles
reader;11;ERROR;Datenherr has to be defined;VSADSSMINI;VSADSSMini;;Knoten;668;17;;;;;
reader;11;ERROR;Datenlieferant has to be defined;VSADSSMINI;VSADSSMini;;Knoten;668;17;;;;;
igcheck;T_ALL_6001_03;ERROR;MANDATORY BaulicherZustand;VSADSSMINI;VSADSSMini;;Knoten;668;17;;;;Bezeichnung,M5010;
igcheck;T_ALL_6001_04;ERROR;MANDATORY Betreiber;VSADSSMINI;VSADSSMini;;Knoten;668;17;;;;Bezeichnung,M5010;
igcheck;T_ALL_6001_06;ERROR;MANDATORY Eigentuemer;VSADSSMINI;VSADSSMini;;Knoten;668;17;;;;Bezeichnung,M5010;
igcheck;T_ALL_6001_08;ERROR;MANDATORY Finanzierung;VSADSSMINI;VSADSSMini;;Knoten;668;17;;;;Bezeichnung,M5010;
igcheck;T_ALL_6001_17;ERROR;MANDATORY Sanierungsbedarf;VSADSSMINI;VSADSSMini;;Knoten;668;17;;;;Bezeichnung,M5010;
igcheck;T_ALL_6001_19;ERROR;MANDATORY Status;VSADSSMINI;VSADSSMini;;Knoten;668;17;;;;Bezeichnung,M5010;
reader;11;ERROR;Datenherr has to be defined;VSADSSMINI;VSADSSMini;;Knoten;669;36;;;;;
reader;11;ERROR;Datenlieferant has to be defined;VSADSSMINI;VSADSSMini;;Knoten;669;36;;;;;
igcheck;T_ALL_6001_03;ERROR;MANDATORY BaulicherZustand;VSADSSMINI;VSADSSMini;;Knoten;669;36;;;;Bezeichnung,R1010;
igcheck;T_ALL_6001_04;ERROR;MANDATORY Betreiber;VSADSSMINI;VSADSSMini;;Knoten;669;36;;;;Bezeichnung,R1010;
igcheck;T_ALL_6001_06;ERROR;MANDATORY Eigentuemer;VSADSSMINI;VSADSSMini;;Knoten;669;36;;;;Bezeichnung,R1010;
igcheck;T_ALL_6001_08;ERROR;MANDATORY Finanzierung;VSADSSMINI;VSADSSMini;;Knoten;669;36;;;;Bezeichnung,R1010;
igcheck;T_ALL_6001_17;ERROR;MANDATORY Sanierungsbedarf;VSADSSMINI;VSADSSMini;;Knoten;669;36;;;;Bezeichnung,R1010;
igcheck;T_ALL_6001_19;ERROR;MANDATORY Status;VSADSSMINI;VSADSSMini;;Knoten;669;36;;;;Bezeichnung,R1010;
reader;11;ERROR;Datenherr has to be defined;VSADSSMINI;VSADSSMini;;Knoten;670;55;;;;;
reader;11;ERROR;Datenlieferant has to be defined;VSADSSMINI;VSADSSMini;;Knoten;670;55;;;;;
igcheck;T_ALL_6001_03;ERROR;MANDATORY BaulicherZustand;VSADSSMINI;VSADSSMini;;Knoten;670;55;;;;Bezeichnung,M5220;
igcheck;T_ALL_6001_04;ERROR;MANDATORY Betreiber;VSADSSMINI;VSADSSMini;;Knoten;670;55;;;;Bezeichnung,M5220;
igcheck;T_ALL_6001_06;ERROR;MANDATORY Eigentuemer;VSADSSMINI;VSADSSMini;;Knoten;670;55;;;;Bezeichnung,M5220;
igcheck;T_ALL_6001_08;ERROR;MANDATORY Finanzierung;VSADSSMINI;VSADSSMini;;Knoten;670;55;;;;Bezeichnung,M5220;
igcheck;T_ALL_6001_17;ERROR;MANDATORY Sanierungsbedarf;VSADSSMINI;VSADSSMini;;Knoten;670;55;;;;Bezeichnung,M5220;
igcheck;T_ALL_6001_19;ERROR;MANDATORY Status;VSADSSMINI;VSADSSMini;;Knoten;670;55;;;;Bezeichnung,M5220;
reader;11;ERROR;Datenherr has to be defined;VSADSSMINI;VSADSSMini;;Knoten;671;74;;;;;
reader;11;ERROR;Datenlieferant has to be defined;VSADSSMINI;VSADSSMini;;Knoten;671;74;;;;;
igcheck;T_ALL_6001_03;ERROR;MANDATORY BaulicherZustand;VSADSSMINI;VSADSSMini;;Knoten;671;74;;;;Bezeichnung,R1020;
igcheck;T_ALL_6001_04;ERROR;MANDATORY Betreiber;VSADSSMINI;VSADSSMini;;Knoten;671;74;;;;Bezeichnung,R1020;
igcheck;T_ALL_6001_06;ERROR;MANDATORY Eigentuemer;VSADSSMINI;VSADSSMini;;Knoten;671;74;;;;Bezeichnung,R1020;
igcheck;T_ALL_6001_08;ERROR;MANDATORY Finanzierung;VSADSSMINI;VSADSSMini;;Knoten;671;74;;;;Bezeichnung,R1020;
igcheck;T_ALL_6001_17;ERROR;MANDATORY Sanierungsbedarf;VSADSSMINI;VSADSSMini;;Knoten;671;74;;;;Bezeichnung,R1020;
igcheck;T_ALL_6001_19;ERROR;MANDATORY Status;VSADSSMINI;VSADSSMini;;Knoten;671;74;;;;Bezeichnung,R1020;
reader;11;ERROR;Datenherr has to be defined;VSADSSMINI;VSADSSMini;;Knoten;672;91;;;;;
reader;11;ERROR;Datenlieferant has to be defined;VSADSSMINI;VSADSSMini;;Knoten;672;91;;;;;
igcheck;T_ALL_6001_03;ERROR;MANDATORY BaulicherZustand;VSADSSMINI;VSADSSMini;;Knoten;672;91;;;;Bezeichnung,M5230;
igcheck;T_ALL_6001_04;ERROR;MANDATORY Betreiber;VSADSSMINI;VSADSSMini;;Knoten;672;91;;;;Bezeichnung,M5230;
igcheck;T_ALL_6001_06;ERROR;MANDATORY Eigentuemer;VSADSSMINI;VSADSSMini;;Knoten;672;91;;;;Bezeichnung,M5230;
igcheck;T_ALL_6001_08;ERROR;MANDATORY Finanzierung;VSADSSMINI;VSADSSMini;;Knoten;672;91;;;;Bezeichnung,M5230;
igcheck;T_ALL_6001_17;ERROR;MANDATORY Sanierungsbedarf;VSADSSMINI;VSADSSMini;;Knoten;672;91;;;;Bezeichnung,M5230;
igcheck;T_ALL_6001_19;ERROR;MANDATORY Status;VSADSSMINI;VSADSSMini;;Knoten;672;91;;;;Bezeichnung,M5230;
reader;11;ERROR;Datenherr has to be defined;VSADSSMINI;VSADSSMini;;Knoten;673;110;;;;;
reader;11;ERROR;Datenlieferant has to be defined;VSADSSMINI;VSADSSMini;;Knoten;673;110;;;;;
igcheck;T_ALL_6001_03;ERROR;MANDATORY BaulicherZustand;VSADSSMINI;VSADSSMini;;Knoten;673;110;;;;Bezeichnung,R1030;
igcheck;T_ALL_6001_04;ERROR;MANDATORY Betreiber;VSADSSMINI;VSADSSMini;;Knoten;673;110;;;;Bezeichnung,R1030;
igcheck;T_ALL_6001_06;ERROR;MANDATORY Eigentuemer;VSADSSMINI;VSADSSMini;;Knoten;673;110;;;;Bezeichnung,R1030;
igcheck;T_ALL_6001_08;ERROR;MANDATORY Finanzierung;VSADSSMINI;VSADSSMini;;Knoten;673;110;;;;Bezeichnung,R1030;
igcheck;T_ALL_6001_17;ERROR;MANDATORY Sanierungsbedarf;VSADSSMINI;VSADSSMini;;Knoten;673;110;;;;Bezeichnung,R1030;
igcheck;T_ALL_6001_19;ERROR;MANDATORY Status;VSADSSMINI;VSADSSMini;;Knoten;673;110;;;;Bezeichnung,R1030;
reader;11;ERROR;Datenherr has to be defined;VSADSSMINI;VSADSSMini;;Knoten;674;129;;;;;
reader;11;ERROR;Datenlieferant has to be defined;VSADSSMINI;VSADSSMini;;Knoten;674;129;;;;;
igcheck;T_ALL_6001_03;ERROR;MANDATORY BaulicherZustand;VSADSSMINI;VSADSSMini;;Knoten;674;129;;;;Bezeichnung,M5240;
igcheck;T_ALL_6001_04;ERROR;MANDATORY Betreiber;VSADSSMINI;VSADSSMini;;Knoten;674;129;;;;Bezeichnung,M5240;
igcheck;T_ALL_6001_06;ERROR;MANDATORY Eigentuemer;VSADSSMINI;VSADSSMini;;Knoten;674;129;;;;Bezeichnung,M5240;
igcheck;T_ALL_6001_08;ERROR;MANDATORY Finanzierung;VSADSSMINI;VSADSSMini;;Knoten;674;129;;;;Bezeichnung,M5240;
igcheck;T_ALL_6001_17;ERROR;MANDATORY Sanierungsbedarf;VSADSSMINI;VSADSSMini;;Knoten;674;129;;;;Bezeichnung,M5240;
igcheck;T_ALL_6001_19;ERROR;MANDATORY Status;VSADSSMINI;VSADSSMini;;Knoten;674;129;;;;Bezeichnung,M5240;
reader;11;ERROR;Datenherr has to be defined;VSADSSMINI;VSADSSMini;;Knoten;675;148;;;;;
reader;11;ERROR;Datenlieferant has to be defined;VSADSSMINI;VSADSSMini;;Knoten;675;148;;;;;
igcheck;T_ALL_6001_03;ERROR;MANDATORY BaulicherZustand;VSADSSMINI;VSADSSMini;;Knoten;675;148;;;;Bezeichnung,R1040;
igcheck;T_ALL_6001_04;ERROR;MANDATORY Betreiber;VSADSSMINI;VSADSSMini;;Knoten;675;148;;;;Bezeichnung,R1040;
igcheck;T_ALL_6001_06;ERROR;MANDATORY Eigentuemer;VSADSSMINI;VSADSSMini;;Knoten;675;148;;;;Bezeichnung,R1040;
igcheck;T_ALL_6001_08;ERROR;MANDATORY Finanzierung;VSADSSMINI;VSADSSMini;;Knoten;675;148;;;;Bezeichnung,R1040;
igcheck;T_ALL_6001_17;ERROR;MANDATORY Sanierungsbedarf;VSADSSMINI;VSADSSMini;;Knoten;675;148;;;;Bezeichnung,R1040;
igcheck;T_ALL_6001_19;ERROR;MANDATORY Status;VSADSSMINI;VSADSSMini;;Knoten;675;148;;;;Bezeichnung,R1040;
reader;11;ERROR;Datenherr has to be defined;VSADSSMINI;VSADSSMini;;Knoten;676;166;;;;;
reader;11;ERROR;Datenlieferant has to be defined;VSADSSMINI;VSADSSMini;;Knoten;676;166;;;;;
igcheck;T_ALL_6001_03;ERROR;MANDATORY BaulicherZustand;VSADSSMINI;VSADSSMini;;Knoten;676;166;;;;Bezeichnung,M5250;
igcheck;T_ALL_6001_04;ERROR;MANDATORY Betreiber;VSADSSMINI;VSADSSMini;;Knoten;676;166;;;;Bezeichnung,M5250;
igcheck;T_ALL_6001_06;ERROR;MANDATORY Eigentuemer;VSADSSMINI;VSADSSMini;;Knoten;676;166;;;;Bezeichnung,M5250;
igcheck;T_ALL_6001_08;ERROR;MANDATORY Finanzierung;VSADSSMINI;VSADSSMini;;Knoten;676;166;;;;Bezeichnung,M5250;
igcheck;T_ALL_6001_17;ERROR;MANDATORY Sanierungsbedarf;VSADSSMINI;VSADSSMini;;Knoten;676;166;;;;Bezeichnung,M5250;
igcheck;T_ALL_6001_19;ERROR;MANDATORY Status;VSADSSMINI;VSADSSMini;;Knoten;676;166;;;;Bezeichnung,M5250;
reader;11;ERROR;Datenherr has to be defined;VSADSSMINI;VSADSSMini;;Leitung;704;185;;;;;
reader;11;ERROR;Bezeichnung has to be defined;VSADSSMINI;VSADSSMini;;Leitung;704;185;;;;;
reader;12;ERROR;the value of FunktionHierarchisch is out of range, 5069 is no valid enumeration value;VSADSSMINI;VSADSSMini;;Leitung;704;185;;;;;
reader;12;ERROR;the value of Status is out of range, 8493 is no valid enumeration value;VSADSSMINI;VSADSSMini;;Leitung;704;185;;;;;
igcheck;T_PAA_6000_01;ERROR;MANDATORY Baujahr;VSADSSMINI;VSADSSMini;;Leitung;704;185;;;;;
igcheck;T_ALL_6000_03;ERROR;MANDATORY BaulicherZustand;VSADSSMINI;VSADSSMini;;Leitung;704;185;;;;;
igcheck;T_ALL_6000_04;ERROR;MANDATORY Betreiber;VSADSSMINI;VSADSSMini;;Leitung;704;185;;;;;
igcheck;T_ALL_6000_05;ERROR;MANDATORY Eigentuemer;VSADSSMINI;VSADSSMini;;Leitung;704;185;;;;;
igcheck;T_ALL_6000_07;ERROR;MANDATORY Finanzierung;VSADSSMINI;VSADSSMini;;Leitung;704;185;;;;;
igcheck;T_PAA_6000_12;ERROR;MANDATORY Hoehengenauigkeit_nach;VSADSSMINI;VSADSSMini;;Leitung;704;185;;;;;
igcheck;T_PAA_6000_14;ERROR;MANDATORY Hoehengenauigkeit_von;VSADSSMINI;VSADSSMini;;Leitung;704;185;;;;;
igcheck;T_PAA_6000_15;ERROR;MANDATORY Kote_nach;VSADSSMINI;VSADSSMini;;Leitung;704;185;;;;;
igcheck;T_PAA_6000_16;ERROR;MANDATORY Kote_von;VSADSSMINI;VSADSSMini;;Leitung;704;185;;;;;
igcheck;T_PAA_6000_19;ERROR;MANDATORY Lichte_Breite;VSADSSMINI;VSADSSMini;;Leitung;704;185;;;;;
igcheck;T_PAA_6000_24;ERROR;MANDATORY Nutzungsart_geplant;VSADSSMINI;VSADSSMini;;Leitung;704;185;;;;;
igcheck;T_PAA_6000_28;ERROR;MANDATORY Profiltyp;VSADSSMINI;VSADSSMini;;Leitung;704;185;;;;;
igcheck;T_ALL_6000_30;ERROR;MANDATORY Sanierungsbedarf;VSADSSMINI;VSADSSMini;;Leitung;704;185;;;;;
igcheck;T_PAA_6000_33;ERROR;MANDATORY WBW_Basisjahr;VSADSSMINI;VSADSSMini;;Leitung;704;185;;;;;
igcheck;T_PAA_6000_35;ERROR;MANDATORY WBW_Bauart;VSADSSMINI;VSADSSMini;;Leitung;704;185;;;;;
igcheck;T_PAA_6000_36;ERROR;MANDATORY Wiederbeschaffungswert;VSADSSMINI;VSADSSMini;;Leitung;704;185;;;;;
reader;11;ERROR;Datenherr has to be defined;VSADSSMINI;VSADSSMini;;Leitung;705;212;;;;;
reader;11;ERROR;Bezeichnung has to be defined;VSADSSMINI;VSADSSMini;;Leitung;705;212;;;;;
reader;12;ERROR;the value of FunktionHierarchisch is out of range, 5069 is no valid enumeration value;VSADSSMINI;VSADSSMini;;Leitung;705;212;;;;;
reader;12;ERROR;the value of Status is out of range, 8493 is no valid enumeration value;VSADSSMINI;VSADSSMini;;Leitung;705;212;;;;;
igcheck;T_PAA_6000_01;ERROR;MANDATORY Baujahr;VSADSSMINI;VSADSSMini;;Leitung;705;212;;;;;
igcheck;T_ALL_6000_03;ERROR;MANDATORY BaulicherZustand;VSADSSMINI;VSADSSMini;;Leitung;705;212;;;;;
igcheck;T_ALL_6000_04;ERROR;MANDATORY Betreiber;VSADSSMINI;VSADSSMini;;Leitung;705;212;;;;;
igcheck;T_ALL_6000_05;ERROR;MANDATORY Eigentuemer;VSADSSMINI;VSADSSMini;;Leitung;705;212;;;;;
igcheck;T_ALL_6000_07;ERROR;MANDATORY Finanzierung;VSADSSMINI;VSADSSMini;;Leitung;705;212;;;;;
igcheck;T_PAA_6000_12;ERROR;MANDATORY Hoehengenauigkeit_nach;VSADSSMINI;VSADSSMini;;Leitung;705;212;;;;;
igcheck;T_PAA_6000_14;ERROR;MANDATORY Hoehengenauigkeit_von;VSADSSMINI;VSADSSMini;;Leitung;705;212;;;;;
igcheck;T_PAA_6000_15;ERROR;MANDATORY Kote_nach;VSADSSMINI;VSADSSMini;;Leitung;705;212;;;;;
igcheck;T_PAA_6000_16;ERROR;MANDATORY Kote_von;VSADSSMINI;VSADSSMini;;Leitung;705;212;;;;;
igcheck;T_PAA_6000_19;ERROR;MANDATORY Lichte_Breite;VSADSSMINI;VSADSSMini;;Leitung;705;212;;;;;
igcheck;T_PAA_6000_24;ERROR;MANDATORY Nutzungsart_geplant;VSADSSMINI;VSADSSMini;;Leitung;705;212;;;;;
igcheck;T_PAA_6000_28;ERROR;MANDATORY Profiltyp;VSADSSMINI;VSADSSMini;;Leitung;705;212;;;;;
igcheck;T_ALL_6000_30;ERROR;MANDATORY Sanierungsbedarf;VSADSSMINI;VSADSSMini;;Leitung;705;212;;;;;
igcheck;T_PAA_6000_33;ERROR;MANDATORY WBW_Basisjahr;VSADSSMINI;VSADSSMini;;Leitung;705;212;;;;;
igcheck;T_PAA_6000_35;ERROR;MANDATORY WBW_Bauart;VSADSSMINI;VSADSSMini;;Leitung;705;212;;;;;
igcheck;T_PAA_6000_36;ERROR;MANDATORY Wiederbeschaffungswert;VSADSSMINI;VSADSSMini;;Leitung;705;212;;;;;
reader;11;ERROR;Datenherr has to be defined;VSADSSMINI;VSADSSMini;;Leitung;706;239;;;;;
reader;11;ERROR;Bezeichnung has to be defined;VSADSSMINI;VSADSSMini;;Leitung;706;239;;;;;
reader;12;ERROR;the value of FunktionHierarchisch is out of range, 5069 is no valid enumeration value;VSADSSMINI;VSADSSMini;;Leitung;706;239;;;;;
reader;12;ERROR;the value of Status is out of range, 8493 is no valid enumeration value;VSADSSMINI;VSADSSMini;;Leitung;706;239;;;;;
igcheck;T_PAA_6000_01;ERROR;MANDATORY Baujahr;VSADSSMINI;VSADSSMini;;Leitung;706;239;;;;;
igcheck;T_ALL_6000_03;ERROR;MANDATORY BaulicherZustand;VSADSSMINI;VSADSSMini;;Leitung;706;239;;;;;
igcheck;T_ALL_6000_04;ERROR;MANDATORY Betreiber;VSADSSMINI;VSADSSMini;;Leitung;706;239;;;;;
igcheck;T_ALL_6000_05;ERROR;MANDATORY Eigentuemer;VSADSSMINI;VSADSSMini;;Leitung;706;239;;;;;
igcheck;T_ALL_6000_07;ERROR;MANDATORY Finanzierung;VSADSSMINI;VSADSSMini;;Leitung;706;239;;;;;
igcheck;T_PAA_6000_12;ERROR;MANDATORY Hoehengenauigkeit_nach;VSADSSMINI;VSADSSMini;;Leitung;706;239;;;;;
igcheck;T_PAA_6000_14;ERROR;MANDATORY Hoehengenauigkeit_von;VSADSSMINI;VSADSSMini;;Leitung;706;239;;;;;
igcheck;T_PAA_6000_15;ERROR;MANDATORY Kote_nach;VSADSSMINI;VSADSSMini;;Leitung;706;239;;;;;
igcheck;T_PAA_6000_16;ERROR;MANDATORY Kote_von;VSADSSMINI;VSADSSMini;;Leitung;706;239;;;;;
igcheck;T_PAA_6000_19;ERROR;MANDATORY Lichte_Breite;VSADSSMINI;VSADSSMini;;Leitung;706;239;;;;;
igcheck;T_PAA_6000_24;ERROR;MANDATORY Nutzungsart_geplant;VSADSSMINI;VSADSSMini;;Leitung;706;239;;;;;
igcheck;T_PAA_6000_28;ERROR;MANDATORY Profiltyp;VSADSSMINI;VSADSSMini;;Leitung;706;239;;;;;
igcheck;T_ALL_6000_30;ERROR;MANDATORY Sanierungsbedarf;VSADSSMINI;VSADSSMini;;Leitung;706;239;;;;;
igcheck;T_PAA_6000_33;ERROR;MANDATORY WBW_Basisjahr;VSADSSMINI;VSADSSMini;;Leitung;706;239;;;;;
igcheck;T_PAA_6000_35;ERROR;MANDATORY WBW_Bauart;VSADSSMINI;VSADSSMini;;Leitung;706;239;;;;;
igcheck;T_PAA_6000_36;ERROR;MANDATORY Wiederbeschaffungswert;VSADSSMINI;VSADSSMini;;Leitung;706;239;;;;;
reader;11;ERROR;Datenherr has to be defined;VSADSSMINI;VSADSSMini;;Leitung;707;266;;;;;
reader;11;ERROR;Bezeichnung has to be defined;VSADSSMINI;VSADSSMini;;Leitung;707;266;;;;;
reader;12;ERROR;the value of FunktionHierarchisch is out of range, 5069 is no valid enumeration value;VSADSSMINI;VSADSSMini;;Leitung;707;266;;;;;
reader;12;ERROR;the value of Status is out of range, 8493 is no valid enumeration value;VSADSSMINI;VSADSSMini;;Leitung;707;266;;;;;
igcheck;T_PAA_6000_01;ERROR;MANDATORY Baujahr;VSADSSMINI;VSADSSMini;;Leitung;707;266;;;;;
igcheck;T_ALL_6000_03;ERROR;MANDATORY BaulicherZustand;VSADSSMINI;VSADSSMini;;Leitung;707;266;;;;;
igcheck;T_ALL_6000_04;ERROR;MANDATORY Betreiber;VSADSSMINI;VSADSSMini;;Leitung;707;266;;;;;
igcheck;T_ALL_6000_05;ERROR;MANDATORY Eigentuemer;VSADSSMINI;VSADSSMini;;Leitung;707;266;;;;;
igcheck;T_ALL_6000_07;ERROR;MANDATORY Finanzierung;VSADSSMINI;VSADSSMini;;Leitung;707;266;;;;;
igcheck;T_PAA_6000_12;ERROR;MANDATORY Hoehengenauigkeit_nach;VSADSSMINI;VSADSSMini;;Leitung;707;266;;;;;
igcheck;T_PAA_6000_14;ERROR;MANDATORY Hoehengenauigkeit_von;VSADSSMINI;VSADSSMini;;Leitung;707;266;;;;;
igcheck;T_PAA_6000_15;ERROR;MANDATORY Kote_nach;VSADSSMINI;VSADSSMini;;Leitung;707;266;;;;;
igcheck;T_PAA_6000_16;ERROR;MANDATORY Kote_von;VSADSSMINI;VSADSSMini;;Leitung;707;266;;;;;
igcheck;T_PAA_6000_19;ERROR;MANDATORY Lichte_Breite;VSADSSMINI;VSADSSMini;;Leitung;707;266;;;;;
igcheck;T_PAA_6000_24;ERROR;MANDATORY Nutzungsart_geplant;VSADSSMINI;VSADSSMini;;Leitung;707;266;;;;;
igcheck;T_PAA_6000_28;ERROR;MANDATORY Profiltyp;VSADSSMINI;VSADSSMini;;Leitung;707;266;;;;;
igcheck;T_ALL_6000_30;ERROR;MANDATORY Sanierungsbedarf;VSADSSMINI;VSADSSMini;;Leitung;707;266;;;;;
igcheck;T_PAA_6000_33;ERROR;MANDATORY WBW_Basisjahr;VSADSSMINI;VSADSSMini;;Leitung;707;266;;;;;
igcheck;T_PAA_6000_35;ERROR;MANDATORY WBW_Bauart;VSADSSMINI;VSADSSMini;;Leitung;707;266;;;;;
igcheck;T_PAA_6000_36;ERROR;MANDATORY Wiederbeschaffungswert;VSADSSMINI;VSADSSMini;;Leitung;707;266;;;;;
reader;11;ERROR;Datenherr has to be defined;VSADSSMINI;VSADSSMini;;Leitung;713;293;;;;;
reader;11;ERROR;Bezeichnung has to be defined;VSADSSMINI;VSADSSMini;;Leitung;713;293;;;;;
reader;12;ERROR;the value of FunktionHierarchisch is out of range, 5069 is no valid enumeration value;VSADSSMINI;VSADSSMini;;Leitung;713;293;;;;;
reader;12;ERROR;the value of Status is out of range, 8493 is no valid enumeration value;VSADSSMINI;VSADSSMini;;Leitung;713;293;;;;;
igcheck;T_PAA_6000_01;ERROR;MANDATORY Baujahr;VSADSSMINI;VSADSSMini;;Leitung;713;293;;;;;
igcheck;T_ALL_6000_03;ERROR;MANDATORY BaulicherZustand;VSADSSMINI;VSADSSMini;;Leitung;713;293;;;;;
igcheck;T_ALL_6000_04;ERROR;MANDATORY Betreiber;VSADSSMINI;VSADSSMini;;Leitung;713;293;;;;;
igcheck;T_ALL_6000_05;ERROR;MANDATORY Eigentuemer;VSADSSMINI;VSADSSMini;;Leitung;713;293;;;;;
igcheck;T_ALL_6000_07;ERROR;MANDATORY Finanzierung;VSADSSMINI;VSADSSMini;;Leitung;713;293;;;;;
igcheck;T_PAA_6000_12;ERROR;MANDATORY Hoehengenauigkeit_nach;VSADSSMINI;VSADSSMini;;Leitung;713;293;;;;;
igcheck;T_PAA_6000_14;ERROR;MANDATORY Hoehengenauigkeit_von;VSADSSMINI;VSADSSMini;;Leitung;713;293;;;;;
igcheck;T_PAA_6000_15;ERROR;MANDATORY Kote_nach;VSADSSMINI;VSADSSMini;;Leitung;713;293;;;;;
igcheck;T_PAA_6000_16;ERROR;MANDATORY Kote_von;VSADSSMINI;VSADSSMini;;Leitung;713;293;;;;;
igcheck;T_PAA_6000_19;ERROR;MANDATORY Lichte_Breite;VSADSSMINI;VSADSSMini;;Leitung;713;293;;;;;
igcheck;T_PAA_6000_24;ERROR;MANDATORY Nutzungsart_geplant;VSADSSMINI;VSADSSMini;;Leitung;713;293;;;;;
igcheck;T_PAA_6000_28;ERROR;MANDATORY Profiltyp;VSADSSMINI;VSADSSMini;;Leitung;713;293;;;;;
igcheck;T_ALL_6000_30;ERROR;MANDATORY Sanierungsbedarf;VSADSSMINI;VSADSSMini;;Leitung;713;293;;;;;
igcheck;T_PAA_6000_33;ERROR;MANDATORY WBW_Basisjahr;VSADSSMINI;VSADSSMini;;Leitung;713;293;;;;;
igcheck;T_PAA_6000_35;ERROR;MANDATORY WBW_Bauart;VSADSSMINI;VSADSSMini;;Leitung;713;293;;;;;
igcheck;T_PAA_6000_36;ERROR;MANDATORY Wiederbeschaffungswert;VSADSSMINI;VSADSSMini;;Leitung;713;293;;;;;
reader;11;ERROR;Datenherr has to be defined;VSADSSMINI;VSADSSMini;;Leitung;715;320;;;;;
reader;11;ERROR;Bezeichnung has to be defined;VSADSSMINI;VSADSSMini;;Leitung;715;320;;;;;
reader;12;ERROR;the value of FunktionHierarchisch is out of range, 5069 is no valid enumeration value;VSADSSMINI;VSADSSMini;;Leitung;715;320;;;;;
reader;12;ERROR;the value of Status is out of range, 8493 is no valid enumeration value;VSADSSMINI;VSADSSMini;;Leitung;715;320;;;;;
igcheck;T_PAA_6000_01;ERROR;MANDATORY Baujahr;VSADSSMINI;VSADSSMini;;Leitung;715;320;;;;;
igcheck;T_ALL_6000_03;ERROR;MANDATORY BaulicherZustand;VSADSSMINI;VSADSSMini;;Leitung;715;320;;;;;
igcheck;T_ALL_6000_04;ERROR;MANDATORY Betreiber;VSADSSMINI;VSADSSMini;;Leitung;715;320;;;;;
igcheck;T_ALL_6000_05;ERROR;MANDATORY Eigentuemer;VSADSSMINI;VSADSSMini;;Leitung;715;320;;;;;
igcheck;T_ALL_6000_07;ERROR;MANDATORY Finanzierung;VSADSSMINI;VSADSSMini;;Leitung;715;320;;;;;
igcheck;T_PAA_6000_12;ERROR;MANDATORY Hoehengenauigkeit_nach;VSADSSMINI;VSADSSMini;;Leitung;715;320;;;;;
igcheck;T_PAA_6000_14;ERROR;MANDATORY Hoehengenauigkeit_von;VSADSSMINI;VSADSSMini;;Leitung;715;320;;;;;
igcheck;T_PAA_6000_15;ERROR;MANDATORY Kote_nach;VSADSSMINI;VSADSSMini;;Leitung;715;320;;;;;
igcheck;T_PAA_6000_16;ERROR;MANDATORY Kote_von;VSADSSMINI;VSADSSMini;;Leitung;715;320;;;;;
igcheck;T_PAA_6000_19;ERROR;MANDATORY Lichte_Breite;VSADSSMINI;VSADSSMini;;Leitung;715;320;;;;;
igcheck;T_PAA_6000_24;ERROR;MANDATORY Nutzungsart_geplant;VSADSSMINI;VSADSSMini;;Leitung;715;320;;;;;
igcheck;T_PAA_6000_28;ERROR;MANDATORY Profiltyp;VSADSSMINI;VSADSSMini;;Leitung;715;320;;;;;
igcheck;T_ALL_6000_30;ERROR;MANDATORY Sanierungsbedarf;VSADSSMINI;VSADSSMini;;Leitung;715;320;;;;;
igcheck;T_PAA_6000_33;ERROR;MANDATORY WBW_Basisjahr;VSADSSMINI;VSADSSMini;;Leitung;715;320;;;;;
igcheck;T_PAA_6000_35;ERROR;MANDATORY WBW_Bauart;VSADSSMINI;VSADSSMini;;Leitung;715;320;;;;;
igcheck;T_PAA_6000_36;ERROR;MANDATORY Wiederbeschaffungswert;VSADSSMINI;VSADSSMini;;Leitung;715;320;;;;;
reader;11;ERROR;Datenherr has to be defined;VSADSSMINI;VSADSSMini;;Leitung;723;347;;;;;
reader;11;ERROR;Bezeichnung has to be defined;VSADSSMINI;VSADSSMini;;Leitung;723;347;;;;;
reader;12;ERROR;the value of FunktionHierarchisch is out of range, 5069 is no valid enumeration value;VSADSSMINI;VSADSSMini;;Leitung;723;347;;;;;
reader;12;ERROR;the value of Status is out of range, 8493 is no valid enumeration value;VSADSSMINI;VSADSSMini;;Leitung;723;347;;;;;
igcheck;T_PAA_6000_01;ERROR;MANDATORY Baujahr;VSADSSMINI;VSADSSMini;;Leitung;723;347;;;;;
igcheck;T_ALL_6000_03;ERROR;MANDATORY BaulicherZustand;VSADSSMINI;VSADSSMini;;Leitung;723;347;;;;;
igcheck;T_ALL_6000_04;ERROR;MANDATORY Betreiber;VSADSSMINI;VSADSSMini;;Leitung;723;347;;;;;
igcheck;T_ALL_6000_05;ERROR;MANDATORY Eigentuemer;VSADSSMINI;VSADSSMini;;Leitung;723;347;;;;;
igcheck;T_ALL_6000_07;ERROR;MANDATORY Finanzierung;VSADSSMINI;VSADSSMini;;Leitung;723;347;;;;;
igcheck;T_PAA_6000_12;ERROR;MANDATORY Hoehengenauigkeit_nach;VSADSSMINI;VSADSSMini;;Leitung;723;347;;;;;
igcheck;T_PAA_6000_14;ERROR;MANDATORY Hoehengenauigkeit_von;VSADSSMINI;VSADSSMini;;Leitung;723;347;;;;;
igcheck;T_PAA_6000_15;ERROR;MANDATORY Kote_nach;VSADSSMINI;VSADSSMini;;Leitung;723;347;;;;;
igcheck;T_PAA_6000_16;ERROR;MANDATORY Kote_von;VSADSSMINI;VSADSSMini;;Leitung;723;347;;;;;
igcheck;T_PAA_6000_19;ERROR;MANDATORY Lichte_Breite;VSADSSMINI;VSADSSMini;;Leitung;723;347;;;;;
igcheck;T_PAA_6000_24;ERROR;MANDATORY Nutzungsart_geplant;VSADSSMINI;VSADSSMini;;Leitung;723;347;;;;;
igcheck;T_PAA_6000_28;ERROR;MANDATORY Profiltyp;VSADSSMINI;VSADSSMini;;Leitung;723;347;;;;;
igcheck;T_ALL_6000_30;ERROR;MANDATORY Sanierungsbedarf;VSADSSMINI;VSADSSMini;;Leitung;723;347;;;;;
igcheck;T_PAA_6000_33;ERROR;MANDATORY WBW_Basisjahr;VSADSSMINI;VSADSSMini;;Leitung;723;347;;;;;
igcheck;T_PAA_6000_35;ERROR;MANDATORY WBW_Bauart;VSADSSMINI;VSADSSMini;;Leitung;723;347;;;;;
igcheck;T_PAA_6000_36;ERROR;MANDATORY Wiederbeschaffungswert;VSADSSMINI;VSADSSMini;;Leitung;723;347;;;;;
reader;11;ERROR;Datenherr has to be defined;VSADSSMINI;VSADSSMini;;Leitung;925;374;;;;;
reader;11;ERROR;Bezeichnung has to be defined;VSADSSMINI;VSADSSMini;;Leitung;925;374;;;;;
reader;12;ERROR;the value of FunktionHierarchisch is out of range, 5069 is no valid enumeration value;VSADSSMINI;VSADSSMini;;Leitung;925;374;;;;;
igcheck;T_PAA_6000_01;ERROR;TOPOLOGY Leitung.Knoten_von und Leitung.Knoten_nach;VSADSSMINI;VSADSSMini;;Leitung;925;374;;;;;
igcheck;T_SAA_6000_3;ERROR;TOPOLOGY Knoten_von und (Knoten_nach oder Leitung_nach;VSADSSMINI;VSADSSMini;;Leitung;925;374;;;;;
igcheck;T_PAA_6000_01;ERROR;MANDATORY Baujahr;VSADSSMINI;VSADSSMini;;Leitung;925;374;;;;;
igcheck;T_ALL_6000_03;ERROR;MANDATORY BaulicherZustand;VSADSSMINI;VSADSSMini;;Leitung;925;374;;;;;
igcheck;T_ALL_6000_04;ERROR;MANDATORY Betreiber;VSADSSMINI;VSADSSMini;;Leitung;925;374;;;;;
igcheck;T_ALL_6000_05;ERROR;MANDATORY Eigentuemer;VSADSSMINI;VSADSSMini;;Leitung;925;374;;;;;
igcheck;T_ALL_6000_07;ERROR;MANDATORY Finanzierung;VSADSSMINI;VSADSSMini;;Leitung;925;374;;;;;
igcheck;T_PAA_6000_12;ERROR;MANDATORY Hoehengenauigkeit_nach;VSADSSMINI;VSADSSMini;;Leitung;925;374;;;;;
igcheck;T_PAA_6000_14;ERROR;MANDATORY Hoehengenauigkeit_von;VSADSSMINI;VSADSSMini;;Leitung;925;374;;;;;
igcheck;T_PAA_6000_15;ERROR;MANDATORY Kote_nach;VSADSSMINI;VSADSSMini;;Leitung;925;374;;;;;
igcheck;T_PAA_6000_16;ERROR;MANDATORY Kote_von;VSADSSMINI;VSADSSMini;;Leitung;925;374;;;;;
igcheck;T_PAA_6000_19;ERROR;MANDATORY Lichte_Breite;VSADSSMINI;VSADSSMini;;Leitung;925;374;;;;;
igcheck;T_PAA_6000_24;ERROR;MANDATORY Nutzungsart_geplant;VSADSSMINI;VSADSSMini;;Leitung;925;374;;;;;
igcheck;T_PAA_6000_28;ERROR;MANDATORY Profiltyp;VSADSSMINI;VSADSSMini;;Leitung;925;374;;;;;
igcheck;T_ALL_6000_30;ERROR;MANDATORY Sanierungsbedarf;VSADSSMINI;VSADSSMini;;Leitung;925;374;;;;;
igcheck;T_ALL_6000_31;ERROR;MANDATORY Status;VSADSSMINI;VSADSSMini;;Leitung;925;374;;;;;
igcheck;T_PAA_6000_33;ERROR;MANDATORY WBW_Basisjahr;VSADSSMINI;VSADSSMini;;Leitung;925;374;;;;;
igcheck;T_PAA_6000_35;ERROR;MANDATORY WBW_Bauart;VSADSSMINI;VSADSSMini;;Leitung;925;374;;;;;
igcheck;T_PAA_6000_36;ERROR;MANDATORY Wiederbeschaffungswert;VSADSSMINI;VSADSSMini;;Leitung;925;374;;;;;
