Module;ErrorId;Category;Description;Model;Topic;Bid;Class;Tid;Line;CharPos;Geom1;Geom2;UserAttributes;Profiles
reader;11;ERROR;Datenherr has to be defined;VSADSSMINI;VSADSSMini;;Knoten;668;17;;;;;
reader;11;ERROR;Datenlieferant has to be defined;VSADSSMINI;VSADSSMini;;Knoten;668;17;;;;;
igcheck;2010;WARNING;Knoten ohne Auslauf;VSADSSMINI;VSADSSMini;;Knoten;668;17;;;;Bezeichnung,M5010;
igcheck;2160;ERROR;SAA Knoten an PAA Leitung;VSADSSMINI;VSADSSMini;;Knoten;668;17;;;;Bezeichnung,M5010;
reader;11;ERROR;Datenherr has to be defined;VSADSSMINI;VSADSSMini;;Knoten;669;36;;;;;
reader;11;ERROR;Datenlieferant has to be defined;VSADSSMINI;VSADSSMini;;Knoten;669;36;;;;;
igcheck;2010;WARNING;Knoten ohne Auslauf;VSADSSMINI;VSADSSMini;;Knoten;669;36;;;;Bezeichnung,R1010;
igcheck;2160;ERROR;SAA Knoten an PAA Leitung;VSADSSMINI;VSADSSMini;;Knoten;669;36;;;;Bezeichnung,R1010;
reader;11;ERROR;Datenherr has to be defined;VSADSSMINI;VSADSSMini;;Knoten;670;55;;;;;
reader;11;ERROR;Datenlieferant has to be defined;VSADSSMINI;VSADSSMini;;Knoten;670;55;;;;;
igcheck;2160;ERROR;SAA Knoten an PAA Leitung;VSADSSMINI;VSADSSMini;;Knoten;670;55;;;;Bezeichnung,M5220;
reader;11;ERROR;Datenherr has to be defined;VSADSSMINI;VSADSSMini;;Knoten;671;74;;;;;
reader;11;ERROR;Datenlieferant has to be defined;VSADSSMINI;VSADSSMini;;Knoten;671;74;;;;;
igcheck;2160;ERROR;SAA Knoten an PAA Leitung;VSADSSMINI;VSADSSMini;;Knoten;671;74;;;;Bezeichnung,R1020;
reader;11;ERROR;Datenherr has to be defined;VSADSSMINI;VSADSSMini;;Knoten;672;91;;;;;
reader;11;ERROR;Datenlieferant has to be defined;VSADSSMINI;VSADSSMini;;Knoten;672;91;;;;;
igcheck;2160;ERROR;SAA Knoten an PAA Leitung;VSADSSMINI;VSADSSMini;;Knoten;672;91;;;;Bezeichnung,M5230;
reader;11;ERROR;Datenherr has to be defined;VSADSSMINI;VSADSSMini;;Knoten;673;110;;;;;
reader;11;ERROR;Datenlieferant has to be defined;VSADSSMINI;VSADSSMini;;Knoten;673;110;;;;;
igcheck;2160;ERROR;SAA Knoten an PAA Leitung;VSADSSMINI;VSADSSMini;;Knoten;673;110;;;;Bezeichnung,R1030;
reader;11;ERROR;Datenherr has to be defined;VSADSSMINI;VSADSSMini;;Knoten;674;129;;;;;
reader;11;ERROR;Datenlieferant has to be defined;VSADSSMINI;VSADSSMini;;Knoten;674;129;;;;;
igcheck;2160;ERROR;SAA Knoten an PAA Leitung;VSADSSMINI;VSADSSMini;;Knoten;674;129;;;;Bezeichnung,M5240;
reader;11;ERROR;Datenherr has to be defined;VSADSSMINI;VSADSSMini;;Knoten;675;148;;;;;
reader;11;ERROR;Datenlieferant has to be defined;VSADSSMINI;VSADSSMini;;Knoten;675;148;;;;;
igcheck;2160;ERROR;SAA Knoten an PAA Leitung;VSADSSMINI;VSADSSMini;;Knoten;675;148;;;;Bezeichnung,R1040;
reader;11;ERROR;Datenherr has to be defined;VSADSSMINI;VSADSSMini;;Knoten;676;166;;;;;
reader;11;ERROR;Datenlieferant has to be defined;VSADSSMINI;VSADSSMini;;Knoten;676;166;;;;;
igcheck;2160;ERROR;SAA Knoten an PAA Leitung;VSADSSMINI;VSADSSMini;;Knoten;676;166;;;;Bezeichnung,M5250;
reader;11;ERROR;Datenherr has to be defined;VSADSSMINI;VSADSSMini;;Leitung;704;185;;;;;
reader;11;ERROR;Bezeichnung has to be defined;VSADSSMINI;VSADSSMini;;Leitung;704;185;;;;;
reader;12;ERROR;the value of FunktionHierarchisch is out of range, 5069 is no valid enumeration value;VSADSSMINI;VSADSSMini;;Leitung;704;185;;;;;
reader;12;ERROR;the value of Status is out of range, 8493 is no valid enumeration value;VSADSSMINI;VSADSSMini;;Leitung;704;185;;;;;
reader;11;ERROR;Datenherr has to be defined;VSADSSMINI;VSADSSMini;;Leitung;705;212;;;;;
reader;11;ERROR;Bezeichnung has to be defined;VSADSSMINI;VSADSSMini;;Leitung;705;212;;;;;
reader;12;ERROR;the value of FunktionHierarchisch is out of range, 5069 is no valid enumeration value;VSADSSMINI;VSADSSMini;;Leitung;705;212;;;;;
reader;12;ERROR;the value of Status is out of range, 8493 is no valid enumeration value;VSADSSMINI;VSADSSMini;;Leitung;705;212;;;;;
reader;11;ERROR;Datenherr has to be defined;VSADSSMINI;VSADSSMini;;Leitung;706;239;;;;;
reader;11;ERROR;Bezeichnung has to be defined;VSADSSMINI;VSADSSMini;;Leitung;706;239;;;;;
reader;12;ERROR;the value of FunktionHierarchisch is out of range, 5069 is no valid enumeration value;VSADSSMINI;VSADSSMini;;Leitung;706;239;;;;;
reader;12;ERROR;the value of Status is out of range, 8493 is no valid enumeration value;VSADSSMINI;VSADSSMini;;Leitung;706;239;;;;;
reader;11;ERROR;Datenherr has to be defined;VSADSSMINI;VSADSSMini;;Leitung;707;266;;;;;
reader;11;ERROR;Bezeichnung has to be defined;VSADSSMINI;VSADSSMini;;Leitung;707;266;;;;;
reader;12;ERROR;the value of FunktionHierarchisch is out of range, 5069 is no valid enumeration value;VSADSSMINI;VSADSSMini;;Leitung;707;266;;;;;
reader;12;ERROR;the value of Status is out of range, 8493 is no valid enumeration value;VSADSSMINI;VSADSSMini;;Leitung;707;266;;;;;
reader;11;ERROR;Datenherr has to be defined;VSADSSMINI;VSADSSMini;;Leitung;713;293;;;;;
reader;11;ERROR;Bezeichnung has to be defined;VSADSSMINI;VSADSSMini;;Leitung;713;293;;;;;
reader;12;ERROR;the value of FunktionHierarchisch is out of range, 5069 is no valid enumeration value;VSADSSMINI;VSADSSMini;;Leitung;713;293;;;;;
reader;12;ERROR;the value of Status is out of range, 8493 is no valid enumeration value;VSADSSMINI;VSADSSMini;;Leitung;713;293;;;;;
reader;11;ERROR;Datenherr has to be defined;VSADSSMINI;VSADSSMini;;Leitung;715;320;;;;;
reader;11;ERROR;Bezeichnung has to be defined;VSADSSMINI;VSADSSMini;;Leitung;715;320;;;;;
reader;12;ERROR;the value of FunktionHierarchisch is out of range, 5069 is no valid enumeration value;VSADSSMINI;VSADSSMini;;Leitung;715;320;;;;;
reader;12;ERROR;the value of Status is out of range, 8493 is no valid enumeration value;VSADSSMINI;VSADSSMini;;Leitung;715;320;;;;;
reader;11;ERROR;Datenherr has to be defined;VSADSSMINI;VSADSSMini;;Leitung;723;347;;;;;
reader;11;ERROR;Bezeichnung has to be defined;VSADSSMINI;VSADSSMini;;Leitung;723;347;;;;;
reader;12;ERROR;the value of FunktionHierarchisch is out of range, 5069 is no valid enumeration value;VSADSSMINI;VSADSSMini;;Leitung;723;347;;;;;
reader;12;ERROR;the value of Status is out of range, 8493 is no valid enumeration value;VSADSSMINI;VSADSSMini;;Leitung;723;347;;;;;
reader;11;ERROR;Datenherr has to be defined;VSADSSMINI;VSADSSMini;;Leitung;925;374;;;;;
reader;11;ERROR;Bezeichnung has to be defined;VSADSSMINI;VSADSSMini;;Leitung;925;374;;;;;
reader;12;ERROR;the value of FunktionHierarchisch is out of range, 5069 is no valid enumeration value;VSADSSMINI;VSADSSMini;;Leitung;925;374;;;;;
